Desc_Cliente,COD_Cliente
Alan Shonely,CLI00001
Chuck Sachs,CLI00002
Speros Goranitis,CLI00003
Jim Epp,CLI00004
Nat Gilpin,CLI00005
Suzanne McNair,CLI00006
Joy Smith,CLI00007
Bill Shonely,CLI00008
Ashley Jarboe,CLI00009
Jack Lebron,CLI00010
Greg Guthrie,CLI00011
Jamie Kunitz,CLI00012
Henry MacAllister,CLI00013
Carl Jackson,CLI00014
Mary Zewe,CLI00015
Eleni McCrary,CLI00016
Jason Klamczynski,CLI00017
Matt Collins,CLI00018
Lisa Ryan,CLI00019
Maureen Gastineau,CLI00020
Susan Gilcrest,CLI00021
Mitch Webber,CLI00022
Claire Good,CLI00023
Darrin Martin,CLI00024
Art Miller,CLI00025
Michelle Lonsdale,CLI00026
Barry French,CLI00027
Vivek Grady,CLI00028
Anthony Johnson,CLI00029
Russell Applegate,CLI00030
Maria Zettner,CLI00031
Patricia Hirasaki,CLI00032
Robert Barroso,CLI00033
Tony Sayre,CLI00034
Liz Carlisle,CLI00035
Xylona Price,CLI00036
Guy Armstrong,CLI00037
Steven Roelle,CLI00038
David Philippe,CLI00039
Pamela Stobb,CLI00040
Dennis Kane,CLI00041
Sam Zeldin,CLI00042
Michelle Ellison,CLI00043
Darren Budd,CLI00044
Todd Sumrall,CLI00045
Muhammed MacIntyre,CLI00046
Brad Eason,CLI00047
Harry Marie,CLI00048
Frank Olsen,CLI00049
Sibella Parks,CLI00050
Jessica Myrick,CLI00051
Duane Noonan,CLI00052
Dorris Love,CLI00053
Peter McVee,CLI00054
Beth Fritzler,CLI00055
Marc Crier,CLI00056
Bill Tyler,CLI00057
Juliana Krohn,CLI00058
Craig Yedwab,CLI00059
Jim Sink,CLI00060
Arthur Gainer,CLI00061
Ben Peterman,CLI00062
Erin Mull,CLI00063
Shui Tom,CLI00064
Don Miller,CLI00065
Katrina Willman,CLI00066
Anne McFarland,CLI00067
Maureen Grace,CLI00068
Anne Pryor,CLI00069
Don Jones,CLI00070
Daniel Lacy,CLI00071
Tiffany House,CLI00072
Dan Reichenbach,CLI00073
Anna Chung,CLI00074
Greg Tran,CLI00075
Allen Rosenblatt,CLI00076
Benjamin Patterson,CLI00077
Duane Benoit,CLI00078
Erica Smith,CLI00079
Roy Collins,CLI00080
Ted Trevino,CLI00081
Karl Brown,CLI00082
Laurel Beltran,CLI00083
Shirley Schmidt,CLI00084
Susan Pistek,CLI00085
Lynn Smith,CLI00086
Patrick Ryan,CLI00087
Jack Garza,CLI00088
Chloris Kastensmidt,CLI00089
Michael Chen,CLI00090
Justin MacKendrick,CLI00091
Brosina Hoffman,CLI00092
Tamara Dahlen,CLI00093
Valerie Takahito,CLI00094
Mike Vittorini,CLI00095
Mike Caudle,CLI00096
Jasper Cacioppo,CLI00097
Bobby Trafton,CLI00098
Pamela Coakley,CLI00099
Andrew Gjertsen,CLI00100
Michelle Tran,CLI00101
Sandra Flanagan,CLI00102
Nick Crebassa,CLI00103
Maya Herman,CLI00104
Sean ODonnell,CLI00105
Vicky Freymann,CLI00106
Damala Kotsonis,CLI00107
Troy Staebel,CLI00108
Quincy Jones,CLI00109
Paul MacIntyre,CLI00110
Roy Phan,CLI00111
Sally Knutson,CLI00112
Pauline Webber,CLI00113
Katherine Hughes,CLI00114
Eugene Moren,CLI00115
Philip Brown,CLI00116
Sean Braxton,CLI00117
Katherine Nockton,CLI00118
Ross DeVincentis,CLI00119
Tamara Chand,CLI00120
Janet Lee,CLI00121
John Lucas,CLI00122
Liz Thompson,CLI00123
Gary Mitchum,CLI00124
Craig Molinari,CLI00125
Arthur Wiediger,CLI00126
Sung Chung,CLI00127
Lela Donovan,CLI00128
Catherine Glotzbach,CLI00129
Sanjit Engle,CLI00130
Joy Bell,CLI00131
Barry Franz,CLI00132
Tom Prescott,CLI00133
Tony Molinari,CLI00134
Paul Prost,CLI00135
Barry Gonzalez,CLI00136
Dave Poirier,CLI00137
Natalie Webber,CLI00138
Becky Castell,CLI00139
Beth Paige,CLI00140
Tracy Poddar,CLI00141
Jack OBriant,CLI00142
Peter Fuller,CLI00143
Clytie Kelty,CLI00144
Cari Sayre,CLI00145
Kelly Lampkin,CLI00146
Ross Baird,CLI00147
Alan Haines,CLI00148
Ken Lonsdale,CLI00149
Michael Paige,CLI00150
Harold Engle,CLI00151
Giulietta Baptist,CLI00152
Chuck Magee,CLI00153
Matt Abelman,CLI00154
Noel Staavos,CLI00155
Nathan Mautz,CLI00156
Lindsay Castell,CLI00157
Aaron Hawkins,CLI00158
Maureen Fritzler,CLI00159
Fred Hopkins,CLI00160
Ionia McGrath,CLI00161
Charlotte Melton,CLI00162
MaryBeth Skach,CLI00163
Craig Rider,CLI00164
Jim Mitchum,CLI00165
Eric Hoffmann,CLI00166
Steve Chapman,CLI00167
Dave Hallsten,CLI00168
Cassandra Brandow,CLI00169
Cathy Armstrong,CLI00170
Muhammed Yedwab,CLI00171
Neil Knudson,CLI00172
Odella Nelson,CLI00173
Gene McClure,CLI00174
Yana Sorensen,CLI00175
Jeremy Farry,CLI00176
Joe Kamberova,CLI00177
Mike Gockenbach,CLI00178
Dionis Lloyd,CLI00179
Joseph Airdo,CLI00180
Pete Kriz,CLI00181
Shirley Jackson,CLI00182
Russell DAscenzo,CLI00183
Carl Weiss,CLI00184
Tracy Hopkins,CLI00185
Rick Duston,CLI00186
Sharelle Roach,CLI00187
Hunter Glantz,CLI00188
Erica Bern,CLI00189
Nora Paige,CLI00190
Jason Fortune,CLI00191
Shahid Hopkins,CLI00192
Karen Daniels,CLI00193
Nicole Hansen,CLI00194
Bryan Mills,CLI00195
Alejandro Savely,CLI00196
Arianne Irving,CLI00197
Jane Waco,CLI00198
Ann Chong,CLI00199
Anthony ODonnell,CLI00200
Sylvia Foulston,CLI00201
George Ashbrook,CLI00202
Tamara Manning,CLI00203
Tom Stivers,CLI00204
Maribeth Dona,CLI00205
Sarah Foster,CLI00206
Christopher Conant,CLI00207
John Huston,CLI00208
Kelly Collister,CLI00209
Karen Ferguson,CLI00210
Brendan Murry,CLI00211
Candace McMahon,CLI00212
Tim Brockman,CLI00213
Jeremy Lonsdale,CLI00214
Robert Dilbeck,CLI00215
Michelle Moray,CLI00216
Ken Heidel,CLI00217
Neil French,CLI00218
David Wiener,CLI00219
Raymond Fair,CLI00220
Lena Hernandez,CLI00221
Charles Sheldon,CLI00222
Frank Carlisle,CLI00223
Kean Takahito,CLI00224
Jenna Caffey,CLI00225
Cari MacIntyre,CLI00226
Alan Schoenberger,CLI00227
Noah Childs,CLI00228
Evan Bailliet,CLI00229
Pete Armstrong,CLI00230
Henry Goldwyn,CLI00231
David Bremer,CLI00232
Jill Fjeld,CLI00233
Kean Nguyen,CLI00234
Larry Tron,CLI00235
Maribeth Yedwab,CLI00236
Victoria Pisteka,CLI00237
Keith Dawkins,CLI00238
George Bell,CLI00239
Meg OConnel,CLI00240
Harry Greene,CLI00241
Brooke Gillingham,CLI00242
Alan Dominguez,CLI00243
Jim Kriz,CLI00244
Mitch Willingham,CLI00245
Todd Boyes,CLI00246
Justin Knight,CLI00247
Tracy Collins,CLI00248
Fred McMath,CLI00249
Justin Ellison,CLI00250
Lena Radford,CLI00251
Neoma Murray,CLI00252
Max Jones,CLI00253
Ellis Ballard,CLI00254
Adrian Shami,CLI00255
Valerie Dominguez,CLI00256
Maxwell Schwartz,CLI00257
Jeremy Ellison,CLI00258
Jennifer Braxton,CLI00259
Ralph Arnett,CLI00260
Erin Creighton,CLI00261
Michael Stewart,CLI00262
Jocasta Rupert,CLI00263
Brian Derr,CLI00264
Bobby Odegard,CLI00265
Sarah Bern,CLI00266
Stephanie Phelps,CLI00267
Corey Catlett,CLI00268
Neola Schneider,CLI00269
Linda Cazamias,CLI00270
Denise Monton,CLI00271
Chuck Clark,CLI00272
Fred Chung,CLI00273
Sam Craven,CLI00274
Darrin Van Huff,CLI00275
Brian Moss,CLI00276
Trudy Schmidt,CLI00277
Sean Wendt,CLI00278
Ted Butterfield,CLI00279
Carl Ludwig,CLI00280
Peter Buhler,CLI00281
Monica Federle,CLI00282
Bart Pistole,CLI00283
Bradley Nguyen,CLI00284
Hallie Redmond,CLI00285
Joel Jenkins,CLI00286
Victor Price,CLI00287
Frank Price,CLI00288
Patrick OBrill,CLI00289
Patrick Bzostek,CLI00290
Joel Eaton,CLI00291
Sample Company A,CLI00292
Claudia Miner,CLI00293
Dean Braden,CLI00294
Dan Campbell,CLI00295
Harold Ryan,CLI00296
Maris LaWare,CLI00297
Matt Hagelstein,CLI00298
Bobby Elias,CLI00299
Carlos Meador,CLI00300
Doug Bickford,CLI00301
Andrew Roberts,CLI00302
Scott Cohen,CLI00303
Rick Wilson,CLI00304
Sandra Glassco,CLI00305
Bruce Stewart,CLI00306
Dan Lawera,CLI00307
David Kendrick,CLI00308
Mick Brown,CLI00309
Astrea Jones,CLI00310
Shirley Daniels,CLI00311
Carol Adams,CLI00312
Tamara Willingham,CLI00313
Jim Karlsson,CLI00314
Larry Blacks,CLI00315
Michelle Huthwaite,CLI00316
Lena Creighton,CLI00317
Thomas Seio,CLI00318
Jennifer Patt,CLI00319
Ann Blume,CLI00320
Annie Thurman,CLI00321
Mike Pelletier,CLI00322
Dean Percer,CLI00323
Michael Oakman,CLI00324
Thomas Brumley,CLI00325
Ed Jacobs,CLI00326
Anna Haberlin,CLI00327
Allen Armold,CLI00328
John Castell,CLI00329
Tracy Blumstein,CLI00330
Ben Wallace,CLI00331
Michael Nguyen,CLI00332
Ken Brennan,CLI00333
Mark Packer,CLI00334
Lindsay Shagiari,CLI00335
Nancy Lomonaco,CLI00336
Brian Stugart,CLI00337
Phillip Flathmann,CLI00338
Liz Willingham,CLI00339
Craig Leslie,CLI00340
Irene Maddox,CLI00341
Adam Bellavance,CLI00342
Richard Eichhorn,CLI00343
Max Ludwig,CLI00344
Mitch Gastineau,CLI00345
Bradley Talbott,CLI00346
Greg Matthias,CLI00347
Paul Gonzalez,CLI00348
Lena Cacioppo,CLI00349
Dave Brooks,CLI00350
Andy Reiter,CLI00351
Saphhira Shifley,CLI00352
Ken Dana,CLI00353
Jamie Frazer,CLI00354
Corinna Mitchell,CLI00355
Denny Blanton,CLI00356
Neil Ducich,CLI00357
Kelly Andreada,CLI00358
Ed Ludwig,CLI00359
Bruce Money,CLI00360
Evan Minnotte,CLI00361
Brian DeCherney,CLI00362
Daniel Raglin,CLI00363
Becky Pak,CLI00364
Fred Harton,CLI00365
Lycoris Saunders,CLI00366
Deborah Brumfield,CLI00367
Toby Carlisle,CLI00368
Carlos Soltero,CLI00369
Kelly Williams,CLI00370
Berenike Kampe,CLI00371
Vivek Sundaresam,CLI00372
Katharine Harms,CLI00373
Dennis Bolton,CLI00374
Stefanie Holloman,CLI00375
Joni Wasserman,CLI00376
Harold Pawlan,CLI00377
Penelope Sewall,CLI00378
Julia West,CLI00379
Robert Waldorf,CLI00380
Tom Ashbrook,CLI00381
Anna Gayman,CLI00382
Aaron Smayling,CLI00383
Katherine Ducich,CLI00384
Anthony Rawles,CLI00385
Matthew Clasen,CLI00386
Chad Sievert,CLI00387
John Dryer,CLI00388
Ricardo Emerson,CLI00389
Mark Hamilton,CLI00390
Clay Rozendal,CLI00391
Susan Vittorini,CLI00392
Kristina Nunn,CLI00393
Ryan Crowe,CLI00394
Nick Radford,CLI00395
Raymond Book,CLI00396
Skye Norling,CLI00397
Jim Radford,CLI00398
Adam Hart,CLI00399
Randy Bradley,CLI00400
Tonja Turnell,CLI00401
Alyssa Crouse,CLI00402
Frank Gastineau,CLI00403
Helen Abelman,CLI00404
James Galang,CLI00405
Jason Gross,CLI00406
Seth Vernon,CLI00407
Sean Miller,CLI00408
Christina DeMoss,CLI00409
Shaun Weien,CLI00410
Carol Darley,CLI00411
John Lee,CLI00412
Dianna Wilson,CLI00413
Aimee Bixby,CLI00414
Sonia Cooley,CLI00415
Dorothy Badders,CLI00416
Georgia Rosenberg,CLI00417
Pauline Chand,CLI00418
Lori Olson,CLI00419
Roland Murray,CLI00420
Adrian Barton,CLI00421
Ralph Knight,CLI00422
Jesus Ocampo,CLI00423
Mark Van Huff,CLI00424
Victoria Wilson,CLI00425
Liz Price,CLI00426
Brian Thompson,CLI00427
Ricardo Block,CLI00428
Bill Stewart,CLI00429
Justin Hirsh,CLI00430
Dario Medina,CLI00431
Sean Christensen,CLI00432
Cindy Schnelling,CLI00433
Art Ferguson,CLI00434
Cindy Chapman,CLI00435
Chris Cortes,CLI00436
Joe Elijah,CLI00437
Steve Carroll,CLI00438
Julia Dunbar,CLI00439
Robert Marley,CLI00440
Lindsay Williams,CLI00441
Toby Grace,CLI00442
Kalyca Meade,CLI00443
Barbara Fisher,CLI00444
Aleksandra Gannaway,CLI00445
Sung Shariari,CLI00446
Vivian Mathis,CLI00447
Bryan Spruell,CLI00448
Luke Weiss,CLI00449
Rob Williams,CLI00450
Patrick ODonnell,CLI00451
Tanja Norvell,CLI00452
Gary McGarr,CLI00453
Guy Thornton,CLI00454
Hilary Holden,CLI00455
Christine Kargatis,CLI00456
Pete Takahito,CLI00457
Kristen Hastings,CLI00458
Greg Hansen,CLI00459
Grant Thornton,CLI00460
Katherine Murray,CLI00461
Vivek Gonzalez,CLI00462
Emily Burns,CLI00463
Ruben Dartt,CLI00464
Charles Crestani,CLI00465
Eric Murdock,CLI00466
Craig Carroll,CLI00467
Andrew Allen,CLI00468
Roger Demir,CLI00469
Theone Pippenger,CLI00470
Alex Grayson,CLI00471
Anthony Garverick,CLI00472
Janet Molinari,CLI00473
Corey Roper,CLI00474
Ruben Ausman,CLI00475
Luke Schmidt,CLI00476
Steve Nguyen,CLI00477
Olvera Toch,CLI00478
Eugene Barchas,CLI00479
Christy Brittain,CLI00480
Cynthia Arntzen,CLI00481
Heather Jas,CLI00482
Janet Martin,CLI00483
Toby Knight,CLI00484
Alice McCarthy,CLI00485
Barry Pond,CLI00486
Marina Lichtenstein,CLI00487
Thea Hendricks,CLI00488
Matthew Grinstein,CLI00489
Becky Martin,CLI00490
Cathy Hwang,CLI00491
Christine Sundaresam,CLI00492
Jennifer Jackson,CLI00493
Carlos Daly,CLI00494
Gary Zandusky,CLI00495
Karen Seio,CLI00496
John Murray,CLI00497
Jennifer Halladay,CLI00498
Jonathan Doherty,CLI00499
Roger Barcio,CLI00500
Alan Hwang,CLI00501
Denny Ordway,CLI00502
Edward Hooks,CLI00503
George Zrebassa,CLI00504
Khloe Miller,CLI00505
Mathew Reese,CLI00506
Brad Thomas,CLI00507
Nona Balk,CLI00508
Michael Moore,CLI00509
Denise Leinenbach,CLI00510
Bryan Davis,CLI00511
Rick Reed,CLI00512
Michael Dominguez,CLI00513
Stuart Van,CLI00514
Eva Jacobs,CLI00515
Tom Zandusky,CLI00516
Cathy Prescott,CLI00517
Greg Maxwell,CLI00518
Nora Pelletier,CLI00519
Arthur Prichep,CLI00520
Matt Collister,CLI00521
Paul Van Hugh,CLI00522
Adam Shillingsburg,CLI00523
Alejandro Grove,CLI00524
Alex Russell,CLI00525
Debra Catini,CLI00526
Grace Kelly,CLI00527
John Stevenson,CLI00528
Beth Thompson,CLI00529
Michael Grace,CLI00530
Lisa Hazard,CLI00531
Natalie Fritzler,CLI00532
Paul Stevenson,CLI00533
Doug OConnell,CLI00534
Sara Luxemburg,CLI00535
Laura Armstrong,CLI00536
Evan Henry,CLI00537
Ed Braxton,CLI00538
Thea Hudgings,CLI00539
Patrick Gardner,CLI00540
Thomas Thornton,CLI00541
Toby Braunhardt,CLI00542
Julie Prescott,CLI00543
Helen Wasserman,CLI00544
Sally Hughsby,CLI00545
Dave Kipp,CLI00546
Dianna Vittorini,CLI00547
Joseph Holt,CLI00548
Denny Joy,CLI00549
Emily Grady,CLI00550
Giulietta Dortch,CLI00551
Ben Ferrer,CLI00552
Henia Zydlo,CLI00553
Yoseph Carroll,CLI00554
Amy Hunt,CLI00555
Brendan Sweed,CLI00556
Roland Fjeld,CLI00557
Ivan Gibson,CLI00558
Philisse Overcash,CLI00559
Roy French,CLI00560
Kimberly Carter,CLI00561
Frank Hawley,CLI00562
Alex Avila,CLI00563
Scot Wooten,CLI00564
Natalie DeCherney,CLI00565
Mary ORourke,CLI00566
Clay Cheatham,CLI00567
Logan Haushalter,CLI00568
Ivan Liston,CLI00569
Trudy Brown,CLI00570
Liz Pelletier,CLI00571
Daniel Byrd,CLI00572
Liz MacKendrick,CLI00573
Larry Hughes,CLI00574
Mark Haberlin,CLI00575
Jay Kimmel,CLI00576
Richard Bierner,CLI00577
Frank Atkinson,CLI00578
Maria Bertelson,CLI00579
Dennis Pardue,CLI00580
Keith Herrera,CLI00581
Harold Dahlen,CLI00582
Christopher Schild,CLI00583
Andy Gerbode,CLI00584
Brendan Dodson,CLI00585
Eugene Hildebrand,CLI00586
Tony Chapman,CLI00587
Stewart Carmichael,CLI00588
William Brown,CLI00589
Eric Barreto,CLI00590
Jill Matthias,CLI00591
Rob Haberlin,CLI00592
Chris McAfee,CLI00593
Charles McCrossin,CLI00594
Michelle Arnett,CLI00595
Giulietta Weimer,CLI00596
Jas OCarroll,CLI00597
Edward Becker,CLI00598
Emily Ducich,CLI00599
Barry Weirich,CLI00600
Paul Lucas,CLI00601
Sally Matthias,CLI00602
Patrick Jones,CLI00603
Anna Andreadi,CLI00604
David Flashing,CLI00605
Steven Cartwright,CLI00606
Naresj Patel,CLI00607
Lauren Leatherbury,CLI00608
Joy Daniels,CLI00609
Deirdre Greer,CLI00610
Stuart Calhoun,CLI00611
Katrina Edelman,CLI00612
Darren Koutras,CLI00613
Delfina Latchford,CLI00614
Philip Fox,CLI00615
Toby Swindell,CLI00616
Laurel Workman,CLI00617
Roland Black,CLI00618
Erin Smith,CLI00619
Benjamin Venier,CLI00620
Maribeth Schnelling,CLI00621
Mick Hernandez,CLI00622
Anthony Witt,CLI00623
Grant Carroll,CLI00624
Thomas Boland,CLI00625
Lisa DeCherney,CLI00626
Gary Hwang,CLI00627
Randy Ferguson,CLI00628
Nathan Gelder,CLI00629
Karen Bern,CLI00630
Mick Crebagga,CLI00631
Anthony Jacobs,CLI00632
Marc Harrigan,CLI00633
Paul Knutson,CLI00634
Helen Andreada,CLI00635
Anemone Ratner,CLI00636
Nathan Cano,CLI00637
Cindy Stewart,CLI00638
Ken Black,CLI00639
Rose OBrian,CLI00640
Gary Hansen,CLI00641
Eudokia Martin,CLI00642
Julia Barnett,CLI00643
Alejandro Ballentine,CLI00644
Heather Kirkland,CLI00645
Edward Nazzal,CLI00646
Tracy Zic,CLI00647
Jeremy Pistek,CLI00648
Meg Tillman,CLI00649
Linda Southworth,CLI00650
Valerie Mitchum,CLI00651
Ralph Kennedy,CLI00652
Stefania Perrino,CLI00653
Christina Vanderzanden,CLI00654
Bradley Drucker,CLI00655
Bruce Degenhardt,CLI00656
Logan Currie,CLI00657
Ritsa Hightower,CLI00658
Bill Overfelt,CLI00659
David Smith,CLI00660
Sung Pak,CLI00661
Magdelene Morse,CLI00662
Brian Dahlen,CLI00663
Barry Blumstein,CLI00664
Sarah Jordon,CLI00665
Annie Cyprus,CLI00666
Filia McAdams,CLI00667
Dianna Arnett,CLI00668
Pierre Wener,CLI00669
Cyma Kinney,CLI00670
Jennifer Ferguson,CLI00671
Tim Taslimi,CLI00672
Aaron Bergman,CLI00673
Guy Phonely,CLI00674
Muhammed Lee,CLI00675
Bill Eplett,CLI00676
Rob Dowd,CLI00677
Shaun Chance,CLI00678
Parhena Norris,CLI00679
Trudy Bell,CLI00680
Shahid Shariari,CLI00681
Kean Thornton,CLI00682
Christina Anderson,CLI00683
Hunter Lopez,CLI00684
Chad Cunningham,CLI00685
Herbert Flentye,CLI00686
Alyssa Tate,CLI00687
Angele Hood,CLI00688
Julie Kriz,CLI00689
Susan MacKendrick,CLI00690
Frank Merwin,CLI00691
Scott Williamson,CLI00692
Nicole Brennan,CLI00693
Fred Wasserman,CLI00694
Cari Schnelling,CLI00695
Tom Boeckenhauer,CLI00696
Theresa Coyne,CLI00697
Phillip Breyer,CLI00698
Sue Ann Reed,CLI00699
Benjamin Farhat,CLI00700
Chad McGuire,CLI00701
Victoria Brennan,CLI00702
Michael Granlund,CLI00703
Amy Cox,CLI00704
Rick Hansen,CLI00705
Chris Selesnick,CLI00706
Maria Etezadi,CLI00707
Dorothy Dickinson,CLI00708
Christine Abelman,CLI00709
Thais Sissman,CLI00710
Katrina Bavinger,CLI00711
Dana Kaydos,CLI00712
Mike Kennedy,CLI00713
Corey Lock,CLI00714
Bart Watters,CLI00715
Bart Folk,CLI00716
Rachel Payne,CLI00717
Shahid Collister,CLI00718
Duane Huffman,CLI00719
Nora Price,CLI00720
Stephanie Ulpright,CLI00721
Nicole Fjeld,CLI00722
Phillina Ober,CLI00723
Alan Barnes,CLI00724
Theresa Swint,CLI00725
Allen Golden,CLI00726
Clay Ludtke,CLI00727
Cynthia Voltz,CLI00728
Cynthia Delaney,CLI00729
Laurel Elliston,CLI00730
Doug Jacobs,CLI00731
Sanjit Chand,CLI00732
Luke Foster,CLI00733
Nick Zandusky,CLI00734
James Lanier,CLI00735
Carol Triggs,CLI00736
Jonathan Howell,CLI00737
Matt Connell,CLI00738
Ryan Akin,CLI00739
Elpida Rittenbach,CLI00740
Jay Fine,CLI00741
Bill Donatelli,CLI00742
Melanie Page,CLI00743
Scot Coram,CLI00744
Erin Ashbrook,CLI00745
Nat Carroll,CLI00746
Joni Blumstein,CLI00747
Rob Lucas,CLI00748
Deanra Eno,CLI00749
Sarah Brown,CLI00750
Resi Polking,CLI00751
Justin Deggeller,CLI00752
Eileen Kiefer,CLI00753
Darren Powers,CLI00754
Troy Blackwell,CLI00755
Adrian Hane,CLI00756
Julie Creighton,CLI00757
Rob Beeghly,CLI00758
Michael Kennedy,CLI00759
Andy Yotov,CLI00760
Stewart Visinsky,CLI00761
Caroline Jumper,CLI00762
Max Engle,CLI00763
Erica Hackney,CLI00764
Rick Bensley,CLI00765
Dean Katz,CLI00766
Grant Donatelli,CLI00767
Christine Phan,CLI00768
Jill Stevenson,CLI00769
Roy Skaria,CLI00770
Cyra Reiten,CLI00771
Rick Huthwaite,CLI00772
Pauline Johnson,CLI00773
Art Foster,CLI00774
Steven Ward,CLI00775
Mark Cousins,CLI00776
Craig Carreira,CLI00777
Brad Norvell,CLI00778
John Grady,CLI00779
Sonia Sunley,CLI00780
Brenda Bowman,CLI00781
Christopher Martinez,CLI00782
Gene Hale,CLI00783
Joni Sundaresam,CLI00784
Erica Hernandez,CLI00785
Emily Phan,CLI00786
Ann Steele,CLI00787
Karen Carlisle,CLI00788
Elizabeth Moffitt,CLI00789
Sheri Gordon,CLI00790
Darrin Sayre,CLI00791
Maurice Satty,CLI00792
Sanjit Jacobs,CLI00793
Don Weiss,CLI00794
Dorothy Wardle,CLI00795